{"r0": ["r0/0", "r0/1", "r0/2", "r0/3", "r0/4", "r0/5", "r0/6", "r0/7", "r0/8", "r0/9", "r0/10", "r0/11", "r0/12", "r0/13", "r0/14", "r0/15", "r0/16", "r0/17", "r0/18", "r0/19", "r0/20", "r0/21", "r0/22", "r0/23", "r0/24", "r0/25", "r0/26", "r0/27", "r0/28", "r0/29", "r0/30", "r0/31", "r0/32", "r0/33", "r0/34", "r0/35", "r0/36", "r0/37", "r0/38", "r0/39", "r0/40", "r0/41", "r0/42", "r0/43", "r0/44", "r0/45", "r0/46", "r0/47", "r0/48", "r0/49", "r0/50", "r0/51", "r0/52", "r0/53", "r0/54", "r0/55", "r0/56", "r0/57", "r0/58", "r0/59", "r0/60", "r0/61", "r0/62", "r0/63", "r0/64", "r0/65", "r0/66", "r0/67", "r0/68", "r0/69", "r0/70", "r0/71", "r0/72", "r0/73", "r0/74", "r0/75", "r0/76", "r0/77", "r0/78", "r0/79", "r0/80", "r0/81", "r0/82", "r0/83", "r0/84", "r0/85", "r0/86", "r0/87", "r0/88", "r0/89", "r0/90", "r0/91", "r0/92", "r0/93", "r0/94", "r0/95", "r0/96", "r0/97", "r0/98", "r0/99"], "r1": ["r1/0", "r1/1", "r1/2", "r1/3", "r1/4", "r1/5", "r1/6", "r1/7", "r1/8", "r1/9", "r1/10", "r1/11", "r1/12", "r1/13", "r1/14", "r1/15", "r1/16", "r1/17", "r1/18", "r1/19", "r1/20", "r1/21", "r1/22", "r1/23", "r1/24", "r1/25", "r1/26", "r1/27", "r1/28", "r1/29", "r1/30", "r1/31", "r1/32", "r1/33", "r1/34", "r1/35", "r1/36", "r1/37", "r1/38", "r1/39", "r1/40", "r1/41", "r1/42", "r1/43", "r1/44", "r1/45", "r1/46", "r1/47", "r1/48", "r1/49", "r1/50", "r1/51", "r1/52", "r1/53", "r1/54", "r1/55", "r1/56", "r1/57", "r1/58", "r1/59", "r1/60", "r1/61", "r1/62", "r1/63", "r1/64", "r1/65", "r1/66", "r1/67", "r1/68", "r1/69", "r1/70", "r1/71", "r1/72", "r1/73", "r1/74", "r1/75", "r1/76", "r1/77", "r1/78", "r1/79", "r1/80", "r1/81", "r1/82", "r1/83", "r1/84", "r1/85", "r1/86", "r1/87", "r1/88", "r1/89", "r1/90", "r1/91", "r1/92", "r1/93", "r1/94", "r1/95", "r1/96", "r1/97", "r1/98", "r1/99"], "r2": ["r2/0", "r2/1", "r2/2", "r2/3", "r2/4", "r2/5", "r2/6", "r2/7", "r2/8", "r2/9", "r2/10", "r2/11", "r2/12", "r2/13", "r2/14", "r2/15", "r2/16", "r2/17", "r2/18", "r2/19", "r2/20", "r2/21", "r2/22", "r2/23", "r2/24", "r2/25", "r2/26", "r2/27", "r2/28", "r2/29", "r2/30", "r2/31", "r2/32", "r2/33", "r2/34", "r2/35", "r2/36", "r2/37", "r2/38", "r2/39", "r2/40", "r2/41", "r2/42", "r2/43", "r2/44", "r2/45", "r2/46", "r2/47", "r2/48", "r2/49", "r2/50", "r2/51", "r2/52", "r2/53", "r2/54", "r2/55", "r2/56", "r2/57", "r2/58", "r2/59", "r2/60", "r2/61", "r2/62", "r2/63", "r2/64", "r2/65", "r2/66", "r2/67", "r2/68", "r2/69", "r2/70", "r2/71", "r2/72", "r2/73", "r2/74", "r2/75", "r2/76", "r2/77", "r2/78", "r2/79", "r2/80", "r2/81", "r2/82", "r2/83", "r2/84", "r2/85", "r2/86", "r2/87", "r2/88", "r2/89", "r2/90", "r2/91", "r2/92", "r2/93", "r2/94", "r2/95", "r2/96", "r2/97", "r2/98", "r2/99"], "r3": ["r3/0", "r3/1", "r3/2", "r3/3", "r3/4", "r3/5", "r3/6", "r3/7", "r3/8", "r3/9", "r3/10", "r3/11", "r3/12", "r3/13", "r3/14", "r3/15", "r3/16", "r3/17", "r3/18", "r3/19", "r3/20", "r3/21", "r3/22", "r3/23", "r3/24", "r3/25", "r3/26", "r3/27", "r3/28", "r3/29", "r3/30", "r3/31", "r3/32", "r3/33", "r3/34", "r3/35", "r3/36", "r3/37", "r3/38", "r3/39", "r3/40", "r3/41", "r3/42", "r3/43", "r3/44", "r3/45", "r3/46", "r3/47", "r3/48", "r3/49", "r3/50", "r3/51", "r3/52", "r3/53", "r3/54", "r3/55", "r3/56", "r3/57", "r3/58", "r3/59", "r3/60", "r3/61", "r3/62", "r3/63", "r3/64", "r3/65", "r3/66", "r3/67", "r3/68", "r3/69", "r3/70", "r3/71", "r3/72", "r3/73", "r3/74", "r3/75", "r3/76", "r3/77", "r3/78", "r3/79", "r3/80", "r3/81", "r3/82", "r3/83", "r3/84", "r3/85", "r3/86", "r3/87", "r3/88", "r3/89", "r3/90", "r3/91", "r3/92", "r3/93", "r3/94", "r3/95", "r3/96", "r3/97", "r3/98", "r3/99"], "r4": ["r4/0", "r4/1", "r4/2", "r4/3", "r4/4", "r4/5", "r4/6", "r4/7", "r4/8", "r4/9", "r4/10", "r4/11", "r4/12", "r4/13", "r4/14", "r4/15", "r4/16", "r4/17", "r4/18", "r4/19", "r4/20", "r4/21", "r4/22", "r4/23", "r4/24", "r4/25", "r4/26", "r4/27", "r4/28", "r4/29", "r4/30", "r4/31", "r4/32", "r4/33", "r4/34", "r4/35", "r4/36", "r4/37", "r4/38", "r4/39", "r4/40", "r4/41", "r4/42", "r4/43", "r4/44", "r4/45", "r4/46", "r4/47", "r4/48", "r4/49", "r4/50", "r4/51", "r4/52", "r4/53", "r4/54", "r4/55", "r4/56", "r4/57", "r4/58", "r4/59", "r4/60", "r4/61", "r4/62", "r4/63", "r4/64", "r4/65", "r4/66", "r4/67", "r4/68", "r4/69", "r4/70", "r4/71", "r4/72", "r4/73", "r4/74", "r4/75", "r4/76", "r4/77", "r4/78", "r4/79", "r4/80", "r4/81", "r4/82", "r4/83", "r4/84", "r4/85", "r4/86", "r4/87", "r4/88", "r4/89", "r4/90", "r4/91", "r4/92", "r4/93", "r4/94", "r4/95", "r4/96", "r4/97", "r4/98", "r4/99"], "r5": ["r5/0", "r5/1", "r5/2", "r5/3", "r5/4", "r5/5", "r5/6", "r5/7", "r5/8", "r5/9", "r5/10", "r5/11", "r5/12", "r5/13", "r5/14", "r5/15", "r5/16", "r5/17", "r5/18", "r5/19", "r5/20", "r5/21", "r5/22", "r5/23", "r5/24", "r5/25", "r5/26", "r5/27", "r5/28", "r5/29", "r5/30", "r5/31", "r5/32", "r5/33", "r5/34", "r5/35", "r5/36", "r5/37", "r5/38", "r5/39", "r5/40", "r5/41", "r5/42", "r5/43", "r5/44", "r5/45", "r5/46", "r5/47", "r5/48", "r5/49", "r5/50", "r5/51", "r5/52", "r5/53", "r5/54", "r5/55", "r5/56", "r5/57", "r5/58", "r5/59", "r5/60", "r5/61", "r5/62", "r5/63", "r5/64", "r5/65", "r5/66", "r5/67", "r5/68", "r5/69", "r5/70", "r5/71", "r5/72", "r5/73", "r5/74", "r5/75", "r5/76", "r5/77", "r5/78", "r5/79", "r5/80", "r5/81", "r5/82", "r5/83", "r5/84", "r5/85", "r5/86", "r5/87", "r5/88", "r5/89", "r5/90", "r5/91", "r5/92", "r5/93", "r5/94", "r5/95", "r5/96", "r5/97", "r5/98", "r5/99"], "r6": ["r6/0", "r6/1", "r6/2", "r6/3", "r6/4", "r6/5", "r6/6", "r6/7", "r6/8", "r6/9", "r6/10", "r6/11", "r6/12", "r6/13", "r6/14", "r6/15", "r6/16", "r6/17", "r6/18", "r6/19", "r6/20", "r6/21", "r6/22", "r6/23", "r6/24", "r6/25", "r6/26", "r6/27", "r6/28", "r6/29", "r6/30", "r6/31", "r6/32", "r6/33", "r6/34", "r6/35", "r6/36", "r6/37", "r6/38", "r6/39", "r6/40", "r6/41", "r6/42", "r6/43", "r6/44", "r6/45", "r6/46", "r6/47", "r6/48", "r6/49", "r6/50", "r6/51", "r6/52", "r6/53", "r6/54", "r6/55", "r6/56", "r6/57", "r6/58", "r6/59", "r6/60", "r6/61", "r6/62", "r6/63", "r6/64", "r6/65", "r6/66", "r6/67", "r6/68", "r6/69", "r6/70", "r6/71", "r6/72", "r6/73", "r6/74", "r6/75", "r6/76", "r6/77", "r6/78", "r6/79", "r6/80", "r6/81", "r6/82", "r6/83", "r6/84", "r6/85", "r6/86", "r6/87", "r6/88", "r6/89", "r6/90", "r6/91", "r6/92", "r6/93", "r6/94", "r6/95", "r6/96", "r6/97", "r6/98", "r6/99"], "r7": ["r7/0", "r7/1", "r7/2", "r7/3", "r7/4", "r7/5", "r7/6", "r7/7", "r7/8", "r7/9", "r7/10", "r7/11", "r7/12", "r7/13", "r7/14", "r7/15", "r7/16", "r7/17", "r7/18", "r7/19", "r7/20", "r7/21", "r7/22", "r7/23", "r7/24", "r7/25", "r7/26", "r7/27", "r7/28", "r7/29", "r7/30", "r7/31", "r7/32", "r7/33", "r7/34", "r7/35", "r7/36", "r7/37", "r7/38", "r7/39", "r7/40", "r7/41", "r7/42", "r7/43", "r7/44", "r7/45", "r7/46", "r7/47", "r7/48", "r7/49", "r7/50", "r7/51", "r7/52", "r7/53", "r7/54", "r7/55", "r7/56", "r7/57", "r7/58", "r7/59", "r7/60", "r7/61", "r7/62", "r7/63", "r7/64", "r7/65", "r7/66", "r7/67", "r7/68", "r7/69", "r7/70", "r7/71", "r7/72", "r7/73", "r7/74", "r7/75", "r7/76", "r7/77", "r7/78", "r7/79", "r7/80", "r7/81", "r7/82", "r7/83", "r7/84", "r7/85", "r7/86", "r7/87", "r7/88", "r7/89", "r7/90", "r7/91", "r7/92", "r7/93", "r7/94", "r7/95", "r7/96", "r7/97", "r7/98", "r7/99"], "r8": ["r8/0", "r8/1", "r8/2", "r8/3", "r8/4", "r8/5", "r8/6", "r8/7", "r8/8", "r8/9", "r8/10", "r8/11", "r8/12", "r8/13", "r8/14", "r8/15", "r8/16", "r8/17", "r8/18", "r8/19", "r8/20", "r8/21", "r8/22", "r8/23", "r8/24", "r8/25", "r8/26", "r8/27", "r8/28", "r8/29", "r8/30", "r8/31", "r8/32", "r8/33", "r8/34", "r8/35", "r8/36", "r8/37", "r8/38", "r8/39", "r8/40", "r8/41", "r8/42", "r8/43", "r8/44", "r8/45", "r8/46", "r8/47", "r8/48", "r8/49", "r8/50", "r8/51", "r8/52", "r8/53", "r8/54", "r8/55", "r8/56", "r8/57", "r8/58", "r8/59", "r8/60", "r8/61", "r8/62", "r8/63", "r8/64", "r8/65", "r8/66", "r8/67", "r8/68", "r8/69", "r8/70", "r8/71", "r8/72", "r8/73", "r8/74", "r8/75", "r8/76", "r8/77", "r8/78", "r8/79", "r8/80", "r8/81", "r8/82", "r8/83", "r8/84", "r8/85", "r8/86", "r8/87", "r8/88", "r8/89", "r8/90", "r8/91", "r8/92", "r8/93", "r8/94", "r8/95", "r8/96", "r8/97", "r8/98", "r8/99"], "r9": ["r9/0", "r9/1", "r9/2", "r9/3", "r9/4", "r9/5", "r9/6", "r9/7", "r9/8", "r9/9", "r9/10", "r9/11", "r9/12", "r9/13", "r9/14", "r9/15", "r9/16", "r9/17", "r9/18", "r9/19", "r9/20", "r9/21", "r9/22", "r9/23", "r9/24", "r9/25", "r9/26", "r9/27", "r9/28", "r9/29", "r9/30", "r9/31", "r9/32", "r9/33", "r9/34", "r9/35", "r9/36", "r9/37", "r9/38", "r9/39", "r9/40", "r9/41", "r9/42", "r9/43", "r9/44", "r9/45", "r9/46", "r9/47", "r9/48", "r9/49", "r9/50", "r9/51", "r9/52", "r9/53", "r9/54", "r9/55", "r9/56", "r9/57", "r9/58", "r9/59", "r9/60", "r9/61", "r9/62", "r9/63", "r9/64", "r9/65", "r9/66", "r9/67", "r9/68", "r9/69", "r9/70", "r9/71", "r9/72", "r9/73", "r9/74", "r9/75", "r9/76", "r9/77", "r9/78", "r9/79", "r9/80", "r9/81", "r9/82", "r9/83", "r9/84", "r9/85", "r9/86", "r9/87", "r9/88", "r9/89", "r9/90", "r9/91", "r9/92", "r9/93", "r9/94", "r9/95", "r9/96", "r9/97", "r9/98", "r9/99"], "r10": ["r10/0", "r10/1", "r10/2", "r10/3", "r10/4", "r10/5", "r10/6", "r10/7", "r10/8", "r10/9", "r10/10", "r10/11", "r10/12", "r10/13", "r10/14", "r10/15", "r10/16", "r10/17", "r10/18", "r10/19", "r10/20", "r10/21", "r10/22", "r10/23", "r10/24", "r10/25", "r10/26", "r10/27", "r10/28", "r10/29", "r10/30", "r10/31", "r10/32", "r10/33", "r10/34", "r10/35", "r10/36", "r10/37", "r10/38", "r10/39", "r10/40", "r10/41", "r10/42", "r10/43", "r10/44", "r10/45", "r10/46", "r10/47", "r10/48", "r10/49", "r10/50", "r10/51", "r10/52", "r10/53", "r10/54", "r10/55", "r10/56", "r10/57", "r10/58", "r10/59", "r10/60", "r10/61", "r10/62", "r10/63", "r10/64", "r10/65", "r10/66", "r10/67", "r10/68", "r10/69", "r10/70", "r10/71", "r10/72", "r10/73", "r10/74", "r10/75", "r10/76", "r10/77", "r10/78", "r10/79", "r10/80", "r10/81", "r10/82", "r10/83", "r10/84", "r10/85", "r10/86", "r10/87", "r10/88", "r10/89", "r10/90", "r10/91", "r10/92", "r10/93", "r10/94", "r10/95", "r10/96", "r10/97", "r10/98", "r10/99"], "r11": ["r11/0", "r11/1", "r11/2", "r11/3", "r11/4", "r11/5", "r11/6", "r11/7", "r11/8", "r11/9", "r11/10", "r11/11", "r11/12", "r11/13", "r11/14", "r11/15", "r11/16", "r11/17", "r11/18", "r11/19", "r11/20", "r11/21", "r11/22", "r11/23", "r11/24", "r11/25", "r11/26", "r11/27", "r11/28", "r11/29", "r11/30", "r11/31", "r11/32", "r11/33", "r11/34", "r11/35", "r11/36", "r11/37", "r11/38", "r11/39", "r11/40", "r11/41", "r11/42", "r11/43", "r11/44", "r11/45", "r11/46", "r11/47", "r11/48", "r11/49", "r11/50", "r11/51", "r11/52", "r11/53", "r11/54", "r11/55", "r11/56", "r11/57", "r11/58", "r11/59", "r11/60", "r11/61", "r11/62", "r11/63", "r11/64", "r11/65", "r11/66", "r11/67", "r11/68", "r11/69", "r11/70", "r11/71", "r11/72", "r11/73", "r11/74", "r11/75", "r11/76", "r11/77", "r11/78", "r11/79", "r11/80", "r11/81", "r11/82", "r11/83", "r11/84", "r11/85", "r11/86", "r11/87", "r11/88", "r11/89", "r11/90", "r11/91", "r11/92", "r11/93", "r11/94", "r11/95", "r11/96", "r11/97", "r11/98", "r11/99"]}